# instruction_addr	sentence_id
0x401000	0
0x401004	1
0x401008	2
0x40100f	3
0x401012	4
0x401014	5
0x401016	6
0x40101a	7
0x401020	8
0x401026	9
0x401030	10
0x401034	11
0x401039	12
0x401040	13
0x401044	14
0x401050	15
0x401054	16
0x401060	17
0x401064	18
0x401066	19
0x401069	20
0x40106a	21
0x40106d	22
0x401071	23
0x401072	24
0x401073	25
0x401076	26
0x401078	27
0x40107f	28
0x401090	29
0x401097	30
0x40109e	31
0x4010a1	32
0x4010a3	33
0x4010aa	34
0x4010ad	35
0x4010af	36
0x4010b8	37
0x4010c0	38
0x4010c7	39
0x4010ce	40
0x4010d1	41
0x4010d4	42
0x4010d8	43
0x4010dc	44
0x4010df	45
0x4010e2	46
0x4010e4	47
0x4010eb	48
0x4010ee	49
0x4010f0	50
0x4010f8	51
0x401100	52
0x401104	53
0x40110b	54
0x40110d	55
0x40110e	56
0x401116	57
0x401119	58
0x40111b	59
0x401122	60
0x401127	61
0x40112c	62
0x401133	63
0x401134	64
0x401138	65
0x401140	66
0x401144	67
0x401149	68
0x40114d	69
0x40114e	70
0x401151	71
0x401158	72
0x40115b	73
0x401160	74
0x401165	75
0x401166	76
0x401168	77
0x40116c	78
0x401170	79
0x401174	80
